{"cameraMode":{"drawMode":0,"name":"Shaded","section":"Shading Mode"},"sceneLighting":false,"audioPlay":false,"sceneViewState":{"m_AlwaysRefresh":false,"showFog":true,"showSkybox":false,"showFlares":true,"showImageEffects":true,"showParticleSystems":true,"showVisualEffectGraphs":true,"m_FxEnabled":true},"in2DMode":false,"pivot":{"x":-0.29930102825164797,"y":1.286873698234558,"z":-0.09064912796020508},"rotation":{"x":0.12167073041200638,"y":0.12767092883586884,"z":-0.015783242881298066,"w":0.9842000603675842},"size":3.095763683319092,"orthographic":false}