{"cameraMode":{"drawMode":0,"name":"Shaded","section":"Shading Mode"},"sceneLighting":false,"audioPlay":false,"sceneViewState":{"m_AlwaysRefresh":false,"showFog":true,"showSkybox":false,"showFlares":true,"showImageEffects":true,"showParticleSystems":true,"showVisualEffectGraphs":true,"m_FxEnabled":true},"in2DMode":false,"pivot":{"x":-100.29991149902344,"y":8.885110855102539,"z":1.7403360605239869},"rotation":{"x":-0.17694967985153199,"y":0.0810970589518547,"z":0.01463137473911047,"w":0.9807640314102173},"size":0.2660253643989563,"orthographic":false}