{"cameraMode":{"drawMode":0,"name":"Shaded","section":"Shading Mode"},"sceneLighting":false,"audioPlay":false,"sceneViewState":{"m_AlwaysRefresh":false,"showFog":true,"showSkybox":false,"showFlares":true,"showImageEffects":true,"showParticleSystems":true,"showVisualEffectGraphs":true,"m_FxEnabled":true},"in2DMode":false,"pivot":{"x":-0.10661187767982483,"y":2.5518534183502199,"z":-0.05668112635612488},"rotation":{"x":0.02435319498181343,"y":0.835203230381012,"z":-0.03710578754544258,"w":0.5481499433517456},"size":4.288238525390625,"orthographic":false}