{"cameraMode":{"drawMode":0,"name":"Shaded","section":"Shading Mode"},"sceneLighting":true,"audioPlay":false,"sceneViewState":{"m_AlwaysRefresh":false,"showFog":true,"showSkybox":true,"showFlares":true,"showImageEffects":true,"showParticleSystems":true,"showVisualEffectGraphs":true,"m_FxEnabled":true},"in2DMode":false,"pivot":{"x":22.695859909057618,"y":-6.250302314758301,"z":27.907453536987306},"rotation":{"x":0.18797345459461213,"y":0.47546035051345827,"z":-0.10477481782436371,"w":0.8530104756355286},"size":24.201818466186525,"orthographic":false}