{"cameraMode":{"drawMode":0,"name":"Shaded","section":"Shading Mode"},"sceneLighting":true,"audioPlay":false,"sceneViewState":{"m_AlwaysRefresh":false,"showFog":true,"showSkybox":true,"showFlares":true,"showImageEffects":true,"showParticleSystems":true,"showVisualEffectGraphs":true,"m_FxEnabled":true},"in2DMode":false,"pivot":{"x":28.435123443603517,"y":-1.8200750350952149,"z":22.52724838256836},"rotation":{"x":0.18797345459461213,"y":0.47546035051345827,"z":-0.10477481782436371,"w":0.8530104756355286},"size":6.124351501464844,"orthographic":false}