{"cameraMode":{"drawMode":0,"name":"Shaded","section":"Shading Mode"},"sceneLighting":true,"audioPlay":false,"sceneViewState":{"m_AlwaysRefresh":false,"showFog":true,"showSkybox":true,"showFlares":true,"showImageEffects":true,"showParticleSystems":true,"showVisualEffectGraphs":true,"m_FxEnabled":true},"in2DMode":false,"pivot":{"x":8.323417663574219,"y":2.4799060821533205,"z":14.208442687988282},"rotation":{"x":0.2678610384464264,"y":0.06558280438184738,"z":-0.01824708841741085,"w":0.9610751867294312},"size":18.533376693725587,"orthographic":false}